clip_id,error_message
SxKIsWuRoL0,âŒ Fail: [0;31merror:[0m [youtube] sxkiswurol0: sign in to confirm youâ€™re not a bot. use --cookies-from-browser or --cookies for the authentication. see  https://github.com/yt-dlp/yt-dlp/wiki/faq#how-do-i-pass-cookies-to-yt-dlp  for how to manually pass cookies. also see  https://github.com/yt-dlp/yt-dlp/wiki/extractors#exporting-youtube-cookies  for tips on effectively exporting youtube cookies
3rF_CS0O2nc,âŒ Fail: [0;31merror:[0m [youtube] 3rf_cs0o2nc: video unavailable. this content isnâ€™t available.
bjHzW7_2eSU,âŒ Fail: [0;31merror:[0m [youtube] bjhzw7_2esu: sign in to confirm youâ€™re not a bot. use --cookies-from-browser or --cookies for the authentication. see  https://github.com/yt-dlp/yt-dlp/wiki/faq#how-do-i-pass-cookies-to-yt-dlp  for how to manually pass cookies. also see  https://github.com/yt-dlp/yt-dlp/wiki/extractors#exporting-youtube-cookies  for tips on effectively exporting youtube cookies
76FgNnlaQWk,âŒ Fail: [0;31merror:[0m [youtube] 76fgnnlaqwk: video unavailable. this content isnâ€™t available.
hSLZWmIx54c,âŒ Fail: [0;31merror:[0m [youtube] hslzwmix54c: sign in to confirm youâ€™re not a bot. use --cookies-from-browser or --cookies for the authentication. see  https://github.com/yt-dlp/yt-dlp/wiki/faq#how-do-i-pass-cookies-to-yt-dlp  for how to manually pass cookies. also see  https://github.com/yt-dlp/yt-dlp/wiki/extractors#exporting-youtube-cookies  for tips on effectively exporting youtube cookies
C9w4qq63Wb0,âŒ Fail: [0;31merror:[0m [youtube] c9w4qq63wb0: video unavailable. this content isnâ€™t available.
JctCsXk5KBs,âŒ Fail: [0;31merror:[0m [youtube] jctcsxk5kbs: video unavailable. this content isnâ€™t available.
wFX4F0WN0bk,âŒ Fail: [0;31merror:[0m [youtube] wfx4f0wn0bk: video unavailable. this content isnâ€™t available.
I6LhB08lp7k,âŒ Fail: [0;31merror:[0m [youtube] i6lhb08lp7k: video unavailable. this content isnâ€™t available.
z0uww8Dwvws,âŒ Fail: [0;31merror:[0m [youtube] z0uww8dwvws: video unavailable. this content isnâ€™t available.
KEct4Nod2iU,âŒ Fail: [0;31merror:[0m [youtube] kect4nod2iu: video unavailable. this content isnâ€™t available.
2pJ1vuHHCuY,âŒ Fail: [0;31merror:[0m [youtube] 2pj1vuhhcuy: video unavailable. this content isnâ€™t available.
dQN9FfGBW0E,âŒ Fail: [0;31merror:[0m [youtube] dqn9ffgbw0e: video unavailable. this content isnâ€™t available.
WOb8-C6jw0M,âŒ Fail: [0;31merror:[0m [youtube] wob8-c6jw0m: video unavailable. this content isnâ€™t available.
az1S_DK8ZLw,âŒ Fail: [0;31merror:[0m [youtube] az1s_dk8zlw: video unavailable. this content isnâ€™t available.
xzG6EbeBkOw,âŒ Fail: [0;31merror:[0m [youtube] xzg6ebebkow: video unavailable. this content isnâ€™t available.
8N-JwOYV2gE,âŒ Fail: [0;31merror:[0m [youtube] 8n-jwoyv2ge: video unavailable. this content isnâ€™t available.
t80yW2bAY9Y,âŒ Fail: [0;31merror:[0m [youtube] t80yw2bay9y: sign in to confirm youâ€™re not a bot. use --cookies-from-browser or --cookies for the authentication. see  https://github.com/yt-dlp/yt-dlp/wiki/faq#how-do-i-pass-cookies-to-yt-dlp  for how to manually pass cookies. also see  https://github.com/yt-dlp/yt-dlp/wiki/extractors#exporting-youtube-cookies  for tips on effectively exporting youtube cookies
tuJ1amzs4aU,âŒ Fail: [0;31merror:[0m [youtube] tuj1amzs4au: video unavailable. this content isnâ€™t available.
US4lw2efVsA,âŒ Fail: [0;31merror:[0m [youtube] us4lw2efvsa: video unavailable. this content isnâ€™t available.
YojZzVQ6exA,âŒ Fail: [0;31merror:[0m [youtube] yojzzvq6exa: video unavailable. this content isnâ€™t available.
051c97aXgJk,âŒ Fail: [0;31merror:[0m [youtube] 051c97axgjk: video unavailable. this content isnâ€™t available.
6FC_yfkSe68,âŒ Fail: [0;31merror:[0m [youtube] 6fc_yfkse68: video unavailable. this content isnâ€™t available.
L72XngJftpA,âŒ Fail: [0;31merror:[0m [youtube] l72xngjftpa: video unavailable. this content isnâ€™t available.
x8Qeujcle8s,âŒ Fail: [0;31merror:[0m [youtube] x8qeujcle8s: video unavailable. this content isnâ€™t available.
YzHoxOhNeyk,âŒ Fail: [0;31merror:[0m [youtube] yzhoxohneyk: video unavailable. this content isnâ€™t available.
2JNRo7OipYc,âŒ Fail: [0;31merror:[0m [youtube] 2jnro7oipyc: video unavailable. this content isnâ€™t available.
rooheu8KCOw,âŒ Fail: [0;31merror:[0m [youtube] rooheu8kcow: video unavailable. this content isnâ€™t available.
F40cVCG8clg,âŒ Fail: [0;31merror:[0m [youtube] f40cvcg8clg: video unavailable. this content isnâ€™t available.
f-teg-O2Zsk,âŒ Fail: [0;31merror:[0m [youtube] f-teg-o2zsk: video unavailable. this content isnâ€™t available.
fKdlVO50B3E,âŒ Fail: [0;31merror:[0m [youtube] fkdlvo50b3e: video unavailable. this content isnâ€™t available.
8rQ98o2t5MM,âŒ Fail: [0;31merror:[0m [youtube] 8rq98o2t5mm: video unavailable. this content isnâ€™t available.
sysg85k56aM,âŒ Fail: [0;31merror:[0m [youtube] sysg85k56am: video unavailable. this content isnâ€™t available.
njgRY1m-_Us,âŒ Fail: [0;31merror:[0m [youtube] njgry1m-_us: video unavailable. this content isnâ€™t available.
JErS-AkGVjY,âŒ Fail: [0;31merror:[0m [youtube] jers-akgvjy: video unavailable. this content isnâ€™t available.
MBQtZzT1Euc,âŒ Fail: [0;31merror:[0m [youtube] mbqtzzt1euc: video unavailable. this content isnâ€™t available.
D0PUqQ0_VcI,âŒ Fail: [0;31merror:[0m [youtube] d0puqq0_vci: video unavailable. this content isnâ€™t available.
qJTKdp7W4No,âŒ Fail: [0;31merror:[0m [youtube] qjtkdp7w4no: video unavailable. this content isnâ€™t available.
0pu11F72ynY,âŒ Fail: [0;31merror:[0m [youtube] 0pu11f72yny: video unavailable. this content isnâ€™t available.
5_E4wluqJl0,âŒ Fail: [0;31merror:[0m [youtube] 5_e4wluqjl0: video unavailable. this content isnâ€™t available.
7UG8eS6LtM8,âŒ Fail: [0;31merror:[0m [youtube] 7ug8es6ltm8: video unavailable. this content isnâ€™t available.
WylXnseMTn0,âŒ Fail: [0;31merror:[0m [youtube] wylxnsemtn0: video unavailable. this content isnâ€™t available.
eWvqCJOdt2A,âŒ Fail: [0;31merror:[0m [youtube] ewvqcjodt2a: video unavailable. this content isnâ€™t available.
thFXSNSO9xQ,âŒ Fail: [0;31merror:[0m [youtube] thfxsnso9xq: video unavailable. this content isnâ€™t available.
yeIFAyNj3-U,âŒ Fail: [0;31merror:[0m [youtube] yeifaynj3-u: video unavailable. this content isnâ€™t available.
7KJYkgZ60iw,âŒ Fail: [0;31merror:[0m [youtube] 7kjykgz60iw: video unavailable. this content isnâ€™t available.
FfSMSeZF83A,âŒ Fail: [0;31merror:[0m [youtube] ffsmsezf83a: video unavailable. this content isnâ€™t available.
0eIkVXalOaI,âŒ Fail: [0;31merror:[0m [youtube] 0eikvxaloai: video unavailable. this content isnâ€™t available.
DwCYDBk_Nco,âŒ Fail: [0;31merror:[0m [youtube] dwcydbk_nco: video unavailable. this content isnâ€™t available.
px9lkXi83iU,âŒ Fail: [0;31merror:[0m [youtube] px9lkxi83iu: video unavailable. this content isnâ€™t available.
HyjgSN22mLo,âŒ Fail: [0;31merror:[0m [youtube] hyjgsn22mlo: video unavailable. this content isnâ€™t available.
r8mW8U41y7Q,âŒ Fail: [0;31merror:[0m [youtube] r8mw8u41y7q: video unavailable. this content isnâ€™t available.
jOHeo4qIhe4,âŒ Fail: [0;31merror:[0m [youtube] joheo4qihe4: video unavailable. this content isnâ€™t available.
M5zIqAQASlg,âŒ Fail: [0;31merror:[0m [youtube] m5ziqaqaslg: video unavailable. this content isnâ€™t available.
VSPLO1MTQwU,âŒ Fail: [0;31merror:[0m [youtube] vsplo1mtqwu: video unavailable. this content isnâ€™t available.
ikGZfxbfVEg,âŒ Fail: [0;31merror:[0m [youtube] ikgzfxbfveg: video unavailable. this content isnâ€™t available.
fhyWWvcWNu0,âŒ Fail: [0;31merror:[0m [youtube] fhywwvcwnu0: video unavailable. this content isnâ€™t available.
uIkNO7I4OEM,âŒ Fail: [0;31merror:[0m [youtube] uikno7i4oem: video unavailable. this content isnâ€™t available.
oE4grZgFR4c,âŒ Fail: [0;31merror:[0m [youtube] oe4grzgfr4c: video unavailable. this content isnâ€™t available.
65FhhZEVSUc,âŒ Fail: [0;31merror:[0m [youtube] 65fhhzevsuc: video unavailable. this content isnâ€™t available.
umfamTIqFEw,âŒ Fail: [0;31merror:[0m [youtube] umfamtiqfew: video unavailable. this content isnâ€™t available.
vjvX7c-YhUg,âŒ Fail: [0;31merror:[0m [youtube] vjvx7c-yhug: video unavailable. this content isnâ€™t available.
3iVP_nSQS6Y,âŒ Fail: [0;31merror:[0m [youtube] 3ivp_nsqs6y: video unavailable. this content isnâ€™t available.
7oyUJ1LQpc0,âŒ Fail: [0;31merror:[0m [youtube] 7oyuj1lqpc0: video unavailable. this content isnâ€™t available.
aaeZowiFRbw,âŒ Fail: [0;31merror:[0m [youtube] aaezowifrbw: video unavailable. this content isnâ€™t available.
LQ27fGV6pSk,âŒ Fail: [0;31merror:[0m [youtube] lq27fgv6psk: video unavailable. this content isnâ€™t available.
2lldbf-BcOk,âŒ Fail: [0;31merror:[0m [youtube] 2lldbf-bcok: video unavailable. this content isnâ€™t available.
qRiuSzmaiRw,âŒ Fail: [0;31merror:[0m [youtube] qriuszmairw: video unavailable. this content isnâ€™t available.
AWpQ26RvApE,âŒ Fail: [0;31merror:[0m [youtube] awpq26rvape: video unavailable. this content isnâ€™t available.
ulsLI029rH0,âŒ Fail: [0;31merror:[0m [youtube] ulsli029rh0: video unavailable. this content isnâ€™t available.
jFFM12YQXLw,âŒ Fail: [0;31merror:[0m [youtube] jffm12yqxlw: video unavailable. this content isnâ€™t available.
zvy6HKpoLmU,âŒ Fail: [0;31merror:[0m [youtube] zvy6hkpolmu: video unavailable. this content isnâ€™t available.
Ds0eBEJtPhU,âŒ Fail: [0;31merror:[0m [youtube] ds0ebejtphu: video unavailable. this content isnâ€™t available.
BtToxyfneVI,âŒ Fail: [0;31merror:[0m [youtube] bttoxyfnevi: video unavailable. this content isnâ€™t available.
KZ5PVUY55JE,âŒ Fail: [0;31merror:[0m [youtube] kz5pvuy55je: video unavailable. this content isnâ€™t available.
Pcz_e_2dOm8,âŒ Fail: [0;31merror:[0m [youtube] pcz_e_2dom8: video unavailable. this content isnâ€™t available.
JgLqwp0vMew,âŒ Fail: [0;31merror:[0m [youtube] jglqwp0vmew: video unavailable. this content isnâ€™t available.
jEJtQT0BO8I,âŒ Fail: [0;31merror:[0m [youtube] jejtqt0bo8i: video unavailable. this content isnâ€™t available.
G3s-mjo7mx8,âŒ Fail: [0;31merror:[0m [youtube] g3s-mjo7mx8: video unavailable. this content isnâ€™t available.
7UnxBtqcBl8,âŒ Fail: [0;31merror:[0m [youtube] 7unxbtqcbl8: video unavailable. this content isnâ€™t available.
hfuy6zubWq8,âŒ Fail: [0;31merror:[0m [youtube] hfuy6zubwq8: video unavailable. this content isnâ€™t available.
luEYqS0e3Jw,âŒ Fail: [0;31merror:[0m [youtube] lueyqs0e3jw: video unavailable. this content isnâ€™t available.
cSpaFCSXMNE,âŒ Fail: [0;31merror:[0m [youtube] cspafcsxmne: video unavailable. this content isnâ€™t available.
gHyzr72pIJw,âŒ Fail: [0;31merror:[0m [youtube] ghyzr72pijw: video unavailable. this content isnâ€™t available.
4pQvyeq_JJk,âŒ Fail: [0;31merror:[0m [youtube] 4pqvyeq_jjk: video unavailable. this content isnâ€™t available.
vTAgxoSbLSU,âŒ Fail: [0;31merror:[0m [youtube] vtagxosblsu: video unavailable. this content isnâ€™t available.
o5cELP06Mik,âŒ Fail: [0;31merror:[0m [youtube] o5celp06mik: video unavailable. this content isnâ€™t available.
o3zziy2Lxx0,âŒ Fail: [0;31merror:[0m [youtube] o3zziy2lxx0: video unavailable. this content isnâ€™t available.
d2vBh6_h7WE,âŒ Fail: [0;31merror:[0m [youtube] d2vbh6_h7we: video unavailable. this content isnâ€™t available.
3kGIVaGwA1g,âŒ Fail: [0;31merror:[0m [youtube] 3kgivagwa1g: video unavailable. this content isnâ€™t available.
nyzJAdp1wss,âŒ Fail: [0;31merror:[0m [youtube] nyzjadp1wss: video unavailable. this content isnâ€™t available.
Sa1gvKkCTJ4,âŒ Fail: [0;31merror:[0m [youtube] sa1gvkkctj4: video unavailable. this content isnâ€™t available.
alQKTQdEE-0,âŒ Fail: [0;31merror:[0m [youtube] alqktqdee-0: video unavailable. this content isnâ€™t available.
5NcYLPiB9XY,âŒ Fail: [0;31merror:[0m [youtube] 5ncylpib9xy: video unavailable. this content isnâ€™t available.
YG3w2ueiEBk,âŒ Fail: [0;31merror:[0m [youtube] yg3w2ueiebk: video unavailable. this content isnâ€™t available.
a0k0FJrY4a8,âŒ Fail: [0;31merror:[0m [youtube] a0k0fjry4a8: video unavailable. this content isnâ€™t available.
WGSj6LBzv-s,âŒ Fail: [0;31merror:[0m [youtube] wgsj6lbzv-s: video unavailable. this content isnâ€™t available.
JmrmnKslWj4,âŒ Fail: [0;31merror:[0m [youtube] jmrmnkslwj4: video unavailable. this content isnâ€™t available.
zaOoCd3wwAk,âŒ Fail: [0;31merror:[0m [youtube] zaoocd3wwak: video unavailable. this content isnâ€™t available.
X4pgJX7OJP0,âŒ Fail: [0;31merror:[0m [youtube] x4pgjx7ojp0: video unavailable. this content isnâ€™t available.
Fc74lvNHYp8,âŒ Fail: [0;31merror:[0m [youtube] fc74lvnhyp8: video unavailable. this content isnâ€™t available.
Cu5xp9TanEA,âŒ Fail: [0;31merror:[0m [youtube] cu5xp9tanea: video unavailable. this content isnâ€™t available.
z1-XgnauTE0,âŒ Fail: [0;31merror:[0m [youtube] z1-xgnaute0: video unavailable. this content isnâ€™t available.
O22s7sKjEtw,âŒ Fail: [0;31merror:[0m [youtube] o22s7skjetw: video unavailable. this content isnâ€™t available.
epcAlehJT0I,âŒ Fail: [0;31merror:[0m [youtube] epcalehjt0i: video unavailable. this content isnâ€™t available.
jJhZUKO9JRE,âŒ Fail: [0;31merror:[0m [youtube] jjhzuko9jre: video unavailable. this content isnâ€™t available.
ibCrc0YTQqM,âŒ Fail: [0;31merror:[0m [youtube] ibcrc0ytqqm: video unavailable. this content isnâ€™t available.
H0vzkiJHs9E,âŒ Fail: [0;31merror:[0m [youtube] h0vzkijhs9e: video unavailable. this content isnâ€™t available.
YPM3tZ3FCEo,âŒ Fail: [0;31merror:[0m [youtube] ypm3tz3fceo: video unavailable. this content isnâ€™t available.
wdjpA8gtWKw,âŒ Fail: [0;31merror:[0m [youtube] wdjpa8gtwkw: video unavailable. this content isnâ€™t available.
6x_ZN85yGy4,âŒ Fail: [0;31merror:[0m [youtube] 6x_zn85ygy4: video unavailable. this content isnâ€™t available.
4ivdPgbZ8zY,âŒ Fail: [0;31merror:[0m [youtube] 4ivdpgbz8zy: video unavailable. this content isnâ€™t available.
8jwypn_r-e0,âŒ Fail: [0;31merror:[0m [youtube] 8jwypn_r-e0: video unavailable. this content isnâ€™t available.
8lCpibPsVRs,âŒ Fail: [0;31merror:[0m [youtube] 8lcpibpsvrs: video unavailable. this content isnâ€™t available.
CbrOvVHZWPQ,âŒ Fail: [0;31merror:[0m [youtube] cbrovvhzwpq: video unavailable. this content isnâ€™t available.
SDBROk_eQy0,âŒ Fail: [0;31merror:[0m [youtube] sdbrok_eqy0: video unavailable. this content isnâ€™t available.
6noXIZhpSkM,âŒ Fail: [0;31merror:[0m [youtube] 6noxizhpskm: video unavailable. this content isnâ€™t available.
KjKX-4WOm_I,âŒ Fail: [0;31merror:[0m [youtube] kjkx-4wom_i: video unavailable. this content isnâ€™t available.
bM19Q94zgOg,âŒ Fail: [0;31merror:[0m [youtube] bm19q94zgog: video unavailable. this content isnâ€™t available.
QWAB9k-afbg,âŒ Fail: [0;31merror:[0m [youtube] qwab9k-afbg: video unavailable. this content isnâ€™t available.
9wPeohjufXU,âŒ Fail: [0;31merror:[0m [youtube] 9wpeohjufxu: video unavailable. this content isnâ€™t available.
ViE_XOYOEq8,âŒ Fail: [0;31merror:[0m [youtube] vie_xoyoeq8: video unavailable. this content isnâ€™t available.
FxxJ6_znGJs,âŒ Fail: [0;31merror:[0m [youtube] fxxj6_zngjs: video unavailable. this content isnâ€™t available.
Ct4b6a7N_bg,âŒ Fail: [0;31merror:[0m [youtube] ct4b6a7n_bg: video unavailable. this content isnâ€™t available.
hfmvDjPa2TU,âŒ Fail: [0;31merror:[0m [youtube] hfmvdjpa2tu: video unavailable. this content isnâ€™t available.
akaG9smnFPM,âŒ Fail: [0;31merror:[0m [youtube] akag9smnfpm: video unavailable. this content isnâ€™t available.
yAv8Wt7fXIc,âŒ Fail: [0;31merror:[0m [youtube] yav8wt7fxic: video unavailable. this content isnâ€™t available.
_gnypiKNaJE,âŒ Fail: [0;31merror:[0m [youtube] _gnypiknaje: video unavailable. this content isnâ€™t available.
Q8Fkd5PcMQ0,âŒ Fail: [0;31merror:[0m [youtube] q8fkd5pcmq0: video unavailable. this content isnâ€™t available.
Bfk9iDa0_IE,âŒ Fail: [0;31merror:[0m [youtube] bfk9ida0_ie: video unavailable. this content isnâ€™t available.
1ACJxH9f-2g,âŒ Fail: [0;31merror:[0m [youtube] 1acjxh9f-2g: video unavailable. this content isnâ€™t available.
i6P7m12NQ9M,âŒ Fail: [0;31merror:[0m [youtube] i6p7m12nq9m: video unavailable. this content isnâ€™t available.
_bPfWzv-EI8,âŒ Fail: [0;31merror:[0m [youtube] _bpfwzv-ei8: video unavailable. this content isnâ€™t available.
c_QJSBBwHI0,âŒ Fail: [0;31merror:[0m [youtube] c_qjsbbwhi0: video unavailable. this content isnâ€™t available.
_qLrcTzUkGo,âŒ Fail: [0;31merror:[0m [youtube] _qlrctzukgo: video unavailable. this content isnâ€™t available.
QaIdanHw11U,âŒ Fail: [0;31merror:[0m [youtube] qaidanhw11u: video unavailable. this content isnâ€™t available.
d9N0A6Y-iDk,âŒ Fail: [0;31merror:[0m [youtube] d9n0a6y-idk: video unavailable. this content isnâ€™t available.
kkbrCGHybHY,âŒ Fail: [0;31merror:[0m [youtube] kkbrcghybhy: video unavailable. this content isnâ€™t available.
aGJBKRw6d3A,âŒ Fail: [0;31merror:[0m [youtube] agjbkrw6d3a: video unavailable. this content isnâ€™t available.
hGjuMAg4w_4,âŒ Fail: [0;31merror:[0m [youtube] hgjumag4w_4: video unavailable. this content isnâ€™t available.
X9qmBDp2348,âŒ Fail: [0;31merror:[0m [youtube] x9qmbdp2348: video unavailable. this content isnâ€™t available.
FWxa_nT8YlY,âŒ Fail: [0;31merror:[0m [youtube] fwxa_nt8yly: video unavailable. this content isnâ€™t available.
gimT_hWRt5s,âŒ Fail: [0;31merror:[0m [youtube] gimt_hwrt5s: video unavailable. this content isnâ€™t available.
bex8IvpEkH8,âŒ Fail: [0;31merror:[0m [youtube] bex8ivpekh8: video unavailable. this content isnâ€™t available.
kK9c41WgNpc,âŒ Fail: [0;31merror:[0m [youtube] kk9c41wgnpc: video unavailable. this content isnâ€™t available.
8BVMCh_zQ18,âŒ Fail: [0;31merror:[0m [youtube] 8bvmch_zq18: video unavailable. this content isnâ€™t available.
keHJujk4N0k,âŒ Fail: [0;31merror:[0m [youtube] kehjujk4n0k: video unavailable. this content isnâ€™t available.
iBGvzd_p62Y,âŒ Fail: [0;31merror:[0m [youtube] ibgvzd_p62y: video unavailable. this content isnâ€™t available.
R9XsxErOllU,âŒ Fail: [0;31merror:[0m [youtube] r9xsxerollu: video unavailable. this content isnâ€™t available.
sUuqMdAFlRw,âŒ Fail: [0;31merror:[0m [youtube] suuqmdaflrw: video unavailable. this content isnâ€™t available.
kkG-KT_Comw,âŒ Fail: [0;31merror:[0m [youtube] kkg-kt_comw: video unavailable. this content isnâ€™t available.
PnVYtd6kRog,âŒ Fail: [0;31merror:[0m [youtube] pnvytd6krog: video unavailable. this content isnâ€™t available.
LhXfgENBxII,âŒ Fail: [0;31merror:[0m [youtube] lhxfgenbxii: video unavailable. this content isnâ€™t available.
6RveMLVaR3w,âŒ Fail: [0;31merror:[0m [youtube] 6rvemlvar3w: video unavailable. this content isnâ€™t available.
_RrVQ9mFjq8,âŒ Fail: [0;31merror:[0m [youtube] _rrvq9mfjq8: video unavailable. this content isnâ€™t available.
H_fWRiaB2ms,âŒ Fail: [0;31merror:[0m [youtube] h_fwriab2ms: video unavailable. this content isnâ€™t available.
uVQ_YhAZQSw,âŒ Fail: [0;31merror:[0m [youtube] uvq_yhazqsw: video unavailable. this content isnâ€™t available.
z1dBJDC-ZME,âŒ Fail: [0;31merror:[0m [youtube] z1dbjdc-zme: video unavailable. this content isnâ€™t available.
VEJzx1dHQsw,âŒ Fail: [0;31merror:[0m [youtube] vejzx1dhqsw: video unavailable. this content isnâ€™t available.
OusmjmQ3_iE,âŒ Fail: [0;31merror:[0m [youtube] ousmjmq3_ie: video unavailable. this content isnâ€™t available.
D7TLIJTZ1y4,âŒ Fail: [0;31merror:[0m [youtube] d7tlijtz1y4: video unavailable. this content isnâ€™t available.
QJXbNfgC3Nk,âŒ Fail: [0;31merror:[0m [youtube] qjxbnfgc3nk: video unavailable. this content isnâ€™t available.
3_54ZPt4Oh8,âŒ Fail: [0;31merror:[0m [youtube] 3_54zpt4oh8: video unavailable. this content isnâ€™t available.
3bl7uOVDUmc,âŒ Fail: [0;31merror:[0m [youtube] 3bl7uovdumc: video unavailable. this content isnâ€™t available.
yxG37MyQfoc,âŒ Fail: [0;31merror:[0m [youtube] yxg37myqfoc: video unavailable. this content isnâ€™t available.
7zlZacoV7M8,âŒ Fail: [0;31merror:[0m [youtube] 7zlzacov7m8: video unavailable. this content isnâ€™t available.
ow67sS8IqV0,âŒ Fail: [0;31merror:[0m [youtube] ow67ss8iqv0: video unavailable. this content isnâ€™t available.
jBSzWEl5egc,âŒ Fail: [0;31merror:[0m [youtube] jbszwel5egc: video unavailable. this content isnâ€™t available.
NwZGf2fkDGE,âŒ Fail: [0;31merror:[0m [youtube] nwzgf2fkdge: video unavailable. this content isnâ€™t available.
4mDo280JoD0,âŒ Fail: [0;31merror:[0m [youtube] 4mdo280jod0: video unavailable. this content isnâ€™t available.
rVS-TpDyULs,âŒ Fail: [0;31merror:[0m [youtube] rvs-tpdyuls: video unavailable. this content isnâ€™t available.
29h5rlYAjhw,âŒ Fail: [0;31merror:[0m [youtube] 29h5rlyajhw: video unavailable. this content isnâ€™t available.
g1ibD0FOQyc,âŒ Fail: [0;31merror:[0m [youtube] g1ibd0foqyc: video unavailable. this content isnâ€™t available.
XWxuG-F5THI,âŒ Fail: [0;31merror:[0m [youtube] xwxug-f5thi: video unavailable. this content isnâ€™t available.
YatXmtfYB54,âŒ Fail: [0;31merror:[0m [youtube] yatxmtfyb54: video unavailable. this content isnâ€™t available.
b35EvBP7704,âŒ Fail: [0;31merror:[0m [youtube] b35evbp7704: video unavailable. this content isnâ€™t available.
AyvqvrEukBU,âŒ Fail: [0;31merror:[0m [youtube] ayvqvreukbu: video unavailable. this content isnâ€™t available.
Ke7KN-0ne9s,âŒ Fail: [0;31merror:[0m [youtube] ke7kn-0ne9s: video unavailable. this content isnâ€™t available.
0evKedAS8o8,âŒ Fail: [0;31merror:[0m [youtube] 0evkedas8o8: video unavailable. this content isnâ€™t available.
HLfmb_wl-OY,âŒ Fail: [0;31merror:[0m [youtube] hlfmb_wl-oy: video unavailable. this content isnâ€™t available.
d4YU5MQDuWk,âŒ Fail: [0;31merror:[0m [youtube] d4yu5mqduwk: video unavailable. this content isnâ€™t available.
LkFlo0wwr10,âŒ Fail: [0;31merror:[0m [youtube] lkflo0wwr10: video unavailable. this content isnâ€™t available.
U41pC9pM2xQ,âŒ Fail: [0;31merror:[0m [youtube] u41pc9pm2xq: video unavailable. this content isnâ€™t available.
kzxgzfG81Nw,âŒ Fail: [0;31merror:[0m [youtube] kzxgzfg81nw: video unavailable. this content isnâ€™t available.
4_7zkXv17QE,âŒ Fail: [0;31merror:[0m [youtube] 4_7zkxv17qe: video unavailable. this content isnâ€™t available.
6BtdOihBpuw,âŒ Fail: [0;31merror:[0m [youtube] 6btdoihbpuw: video unavailable. this content isnâ€™t available.
3-IJ1ycDSt8,âŒ Fail: [0;31merror:[0m [youtube] 3-ij1ycdst8: video unavailable. this content isnâ€™t available.
GrolLrsc3kk,âŒ Fail: [0;31merror:[0m [youtube] grollrsc3kk: video unavailable. this content isnâ€™t available.
659LWupwLow,âŒ Fail: [0;31merror:[0m [youtube] 659lwupwlow: video unavailable. this content isnâ€™t available.
LSJnEMHrlqI,âŒ Fail: [0;31merror:[0m [youtube] lsjnemhrlqi: video unavailable. this content isnâ€™t available.
-ZSmE1pOE38,âŒ Fail: [0;31merror:[0m [youtube] -zsme1poe38: video unavailable. this content isnâ€™t available.
xpIsHZXkNhs,âŒ Fail: [0;31merror:[0m [youtube] xpishzxknhs: video unavailable. this content isnâ€™t available.
EN8Vdd4UBMY,âŒ Fail: [0;31merror:[0m [youtube] en8vdd4ubmy: video unavailable. this content isnâ€™t available.
bR-1BSMrHTk,âŒ Fail: [0;31merror:[0m [youtube] br-1bsmrhtk: video unavailable. this content isnâ€™t available.
j1luoqek1qo,âŒ Fail: [0;31merror:[0m [youtube] j1luoqek1qo: video unavailable. this content isnâ€™t available.
r2jRskI1F1Y,âŒ Fail: [0;31merror:[0m [youtube] r2jrski1f1y: video unavailable. this content isnâ€™t available.
cyGT-pb6Fw4,âŒ Fail: [0;31merror:[0m [youtube] cygt-pb6fw4: video unavailable. this content isnâ€™t available.
hm50kCL2Snk,âŒ Fail: [0;31merror:[0m [youtube] hm50kcl2snk: video unavailable. this content isnâ€™t available.
GG0g6DTkioY,âŒ Fail: [0;31merror:[0m [youtube] gg0g6dtkioy: video unavailable. this content isnâ€™t available.
6frd_dHxPRs,âŒ Fail: [0;31merror:[0m [youtube] 6frd_dhxprs: video unavailable. this content isnâ€™t available.
tk9dnGh4nnI,âŒ Fail: [0;31merror:[0m [youtube] tk9dngh4nni: video unavailable. this content isnâ€™t available.
UeqKF_NF1Qs,âŒ Fail: [0;31merror:[0m [youtube] ueqkf_nf1qs: video unavailable. this content isnâ€™t available.
zl6vRYE7tYQ,âŒ Fail: [0;31merror:[0m [youtube] zl6vrye7tyq: video unavailable. this content isnâ€™t available.
RSVS89Bmktk,âŒ Fail: [0;31merror:[0m [youtube] rsvs89bmktk: video unavailable. this content isnâ€™t available.
RyhXQ3x3I-I,âŒ Fail: [0;31merror:[0m [youtube] ryhxq3x3i-i: video unavailable. this content isnâ€™t available.
c9pl6yXsgW0,âŒ Fail: [0;31merror:[0m [youtube] c9pl6yxsgw0: video unavailable. this content isnâ€™t available.
X-z13M08tmw,âŒ Fail: [0;31merror:[0m [youtube] x-z13m08tmw: video unavailable. this content isnâ€™t available.
F1pxPW0FTOg,âŒ Fail: [0;31merror:[0m [youtube] f1pxpw0ftog: video unavailable. this content isnâ€™t available.
tpXPvloFHfU,âŒ Fail: [0;31merror:[0m [youtube] tpxpvlofhfu: video unavailable. this content isnâ€™t available.
LBMZ2Y_QGa4,âŒ Fail: [0;31merror:[0m [youtube] lbmz2y_qga4: video unavailable. this content isnâ€™t available.
_57ZW9kq1X8,âŒ Fail: [0;31merror:[0m [youtube] _57zw9kq1x8: video unavailable. this content isnâ€™t available.
8TdC59g-u1U,âŒ Fail: [0;31merror:[0m [youtube] 8tdc59g-u1u: video unavailable. this content isnâ€™t available.
5xI0WpFBasc,âŒ Fail: [0;31merror:[0m [youtube] 5xi0wpfbasc: video unavailable. this content isnâ€™t available.
DLkdMwL2S7M,âŒ Fail: [0;31merror:[0m [youtube] dlkdmwl2s7m: video unavailable. this content isnâ€™t available.
GP65tL5tOSg,âŒ Fail: [0;31merror:[0m [youtube] gp65tl5tosg: video unavailable. this content isnâ€™t available.
E0PkiMCzAUk,âŒ Fail: [0;31merror:[0m [youtube] e0pkimczauk: video unavailable. this content isnâ€™t available.
P8yb2LQNXKY,âŒ Fail: [0;31merror:[0m [youtube] p8yb2lqnxky: video unavailable. this content isnâ€™t available.
VACtwLtDHd0,âŒ Fail: [0;31merror:[0m [youtube] vactwltdhd0: video unavailable. this content isnâ€™t available.
bMAoOGnw9qQ,âŒ Fail: [0;31merror:[0m [youtube] bmaoognw9qq: video unavailable. this content isnâ€™t available.
dk3H2yvsH-U,âŒ Fail: [0;31merror:[0m [youtube] dk3h2yvsh-u: video unavailable. this content isnâ€™t available.
JQQSQOrVknw,âŒ Fail: [0;31merror:[0m [youtube] jqqsqorvknw: video unavailable. this content isnâ€™t available.
PrDTF7ytycE,âŒ Fail: [0;31merror:[0m [youtube] prdtf7ytyce: video unavailable. this content isnâ€™t available.
LKy6DrdEyI4,âŒ Fail: [0;31merror:[0m [youtube] lky6drdeyi4: video unavailable. this content isnâ€™t available.
49peWS6XcQU,âŒ Fail: [0;31merror:[0m [youtube] 49pews6xcqu: video unavailable. this content isnâ€™t available.
GmPe10fEjOA,âŒ Fail: [0;31merror:[0m [youtube] gmpe10fejoa: video unavailable. this content isnâ€™t available.
InupuylYdcY,âŒ Fail: [0;31merror:[0m [youtube] inupuylydcy: video unavailable. this content isnâ€™t available.
cE7fnTqSM4M,âŒ Fail: [0;31merror:[0m [youtube] ce7fntqsm4m: video unavailable. this content isnâ€™t available.
Er6cBpR63XA,âŒ Fail: [0;31merror:[0m [youtube] er6cbpr63xa: video unavailable. this content isnâ€™t available.
QlnSM66jewM,âŒ Fail: [0;31merror:[0m [youtube] qlnsm66jewm: video unavailable. this content isnâ€™t available.
6L0DDWR8E1o,âŒ Fail: [0;31merror:[0m [youtube] 6l0ddwr8e1o: video unavailable. this content isnâ€™t available.
BvxjcH_tmWo,âŒ Fail: [0;31merror:[0m [youtube] bvxjch_tmwo: video unavailable. this content isnâ€™t available.
sCRDjHZlMN0,âŒ Fail: [0;31merror:[0m [youtube] scrdjhzlmn0: video unavailable. this content isnâ€™t available.
Hlbhj2YoLN8,âŒ Fail: [0;31merror:[0m [youtube] hlbhj2yoln8: video unavailable. this content isnâ€™t available.
fE4Sf7vXgbo,âŒ Fail: [0;31merror:[0m [youtube] fe4sf7vxgbo: video unavailable. this content isnâ€™t available.
FhWJS3rN2Xw,âŒ Fail: [0;31merror:[0m [youtube] fhwjs3rn2xw: video unavailable. this content isnâ€™t available.
fEq3xM-i0Ng,âŒ Fail: [0;31merror:[0m [youtube] feq3xm-i0ng: video unavailable. this content isnâ€™t available.
iKYU6B7I-Rs,âŒ Fail: [0;31merror:[0m [youtube] ikyu6b7i-rs: video unavailable. this content isnâ€™t available.
wbwiziROcfU,âŒ Fail: [0;31merror:[0m [youtube] wbwizirocfu: video unavailable. this content isnâ€™t available.
9cATAAgy7Zc,âŒ Fail: [0;31merror:[0m [youtube] 9cataagy7zc: video unavailable. this content isnâ€™t available.
imll0h4sVWg,âŒ Fail: [0;31merror:[0m [youtube] imll0h4svwg: video unavailable. this content isnâ€™t available.
9014vq1lqXM,âŒ Fail: [0;31merror:[0m [youtube] 9014vq1lqxm: video unavailable. this content isnâ€™t available.
mGtp-fE7Rbg,âŒ Fail: [0;31merror:[0m [youtube] mgtp-fe7rbg: video unavailable. this content isnâ€™t available.
z9Ak1wIhJMw,âŒ Fail: [0;31merror:[0m [youtube] z9ak1wihjmw: video unavailable. this content isnâ€™t available.
WySzEXKUSZw,âŒ Fail: [0;31merror:[0m [youtube] wyszexkuszw: video unavailable. this content isnâ€™t available.
wUsnPn9ZOgA,âŒ Fail: [0;31merror:[0m [youtube] wusnpn9zoga: video unavailable. this content isnâ€™t available.
ZVJZMQaZ_Ls,âŒ Fail: [0;31merror:[0m [youtube] zvjzmqaz_ls: video unavailable. this content isnâ€™t available.
5kc9MeMrwz0,âŒ Fail: [0;31merror:[0m [youtube] 5kc9memrwz0: video unavailable. this content isnâ€™t available.
PI02EfUMCcY,âŒ Fail: [0;31merror:[0m [youtube] pi02efumccy: video unavailable. this content isnâ€™t available.
IDylCsotnxk,âŒ Fail: [0;31merror:[0m [youtube] idylcsotnxk: video unavailable. this content isnâ€™t available.
6Xt3WNuB-oc,âŒ Fail: [0;31merror:[0m [youtube] 6xt3wnub-oc: video unavailable. this content isnâ€™t available.
E6-69YGRt_w,âŒ Fail: [0;31merror:[0m [youtube] e6-69ygrt_w: video unavailable. this content isnâ€™t available.
wx0IZcNOdgY,âŒ Fail: [0;31merror:[0m [youtube] wx0izcnodgy: video unavailable. this content isnâ€™t available.
jTJK65BrHvc,âŒ Fail: [0;31merror:[0m [youtube] jtjk65brhvc: video unavailable. this content isnâ€™t available.
CdAzOTrzozE,âŒ Fail: [0;31merror:[0m [youtube] cdazotrzoze: video unavailable. this content isnâ€™t available.
5OAzJcMeQV0,âŒ Fail: [0;31merror:[0m [youtube] 5oazjcmeqv0: video unavailable. this content isnâ€™t available.
eKFN-aqPJH8,âŒ Fail: [0;31merror:[0m [youtube] ekfn-aqpjh8: video unavailable. this content isnâ€™t available.
Y8YMfgu92hQ,âŒ Fail: [0;31merror:[0m [youtube] y8ymfgu92hq: video unavailable. this content isnâ€™t available.
hFrmswtFSz0,âŒ Fail: [0;31merror:[0m [youtube] hfrmswtfsz0: video unavailable. this content isnâ€™t available.
NF2JXHmTi1I,âŒ Fail: [0;31merror:[0m [youtube] nf2jxhmti1i: video unavailable. this content isnâ€™t available.
dSYW61XQZeo,âŒ Fail: [0;31merror:[0m [youtube] dsyw61xqzeo: video unavailable. this content isnâ€™t available.
5suCgwuDFl0,âŒ Fail: [0;31merror:[0m [youtube] 5sucgwudfl0: video unavailable. this content isnâ€™t available.
